Station Number,Precipitation_in,Precipitation_m,Year
OR-LA-112,31.55,0.801371603,2021
OR-LA-112,29.1,0.739141478,2020
OR-LA-112,43.56,1.106426213,2019
OR-LA-112,34.7,0.881381763,2018
OR-LA-112,51.77,1.31496063,2017
OR-LA-112,43.74,1.110998222,2016
OR-LA-112,41.86,1.063246126,2015
OR-LA-112,31.59,0.802387605,2014
OR-LA-112,40.45,1.027432055,2013
OR-LA-112,50.18,1.274574549,2012
OR-LA-112,44.52,1.130810262,2011
OR-LA-112,46.29,1.175768352,2010
OR-LA-112,34,0.863601727,2009
,,,
